author,description,publisher,source_url,timeStamp,title
600,Phillip Molnar,"A British real estate company Monday launched a flat fee home listing service in San Diego County, charging sellers $3,200 to list a home. The cost is likely cheaper for most sellers who are used to a 2.5 percent listing fee, so the offer could save sellers h…",Sandiegouniontribune.com,http://www.sandiegouniontribune.com/business/real-estate/sd-fi-purplebricks-launch-20180108-story.html,2018-01-09 00:00:00,"Purplebricks, flat fee real estate listers, launch in San Diego"
601,Ml-implode.com,"``In parts of the continent - especially commercial hubs like Lagos, Nairobi and Johannesburg - a small but growing number of people are finding that cryptocurrencies offer a cheaper solution to an expensive problem - transferring funds across borders.''",Ml-implode.com,http://ml-implode.com/staticnews/2018-01-09_WhyAfricanmillennialscantgetenoughofBitcoin.html,2018-01-09 00:00:00,Why African millennials can't get enough of Bitcoin
602,"Associated Press, By Associated Press","NEW YORK — Kodak, which traces its roots to the early days of film-based photography, is getting into the digital licensing and cryptocurrency market as part of a partnership with WENN Digital. The companies are launching blockchain technology with KodakOne a…",Bostonherald.com,http://www.bostonherald.com/news/national/2018/01/kodak_surges_at_it_becomes_latest_cryptocurrency_convert,2018-01-09 00:00:00,Kodak surges at it becomes latest 'cryptocurrency' convert
603,Ml-implode.com,``JPMorgan Chase CEO Jamie Dimon has walked back his criticism of bitcoin and said it's underlying technology could be useful for financial markets.'',Ml-implode.com,http://ml-implode.com/staticnews/2018-01-09_DimonIregretcallingbitcoinafraud.html,2018-01-09 00:00:00,"Dimon: ""I regret calling bitcoin a fraud"""
604,Ml-implode.com,"``Staff at the regulatory agency ""expressed concerns regarding the liquidity and valuation"" of futures contracts based on the digital asset, according to one of the filings... Fund managers thought the proposals had a chance at winning approval given the laun…",Ml-implode.com,http://ml-implode.com/staticnews/2018-01-09_FundmanagerssaybitcoinETFproposalswithdrawnduetoSECconcerns.html,2018-01-09 00:00:00,Fund managers say bitcoin ETF proposals withdrawn due to SEC concerns
605,Ml-implode.com,"``People are pouring money into bitcoin and other cryptocurrencies because they are more willing to take risks in a benign economic environment, according to a fund manager.'' -- That's one read (and one we're not so sure of). Another is that people are more …",Ml-implode.com,http://ml-implode.com/staticnews/2018-01-09_Bitcoinfascinatingbecauseperceptionofriskandtheeconomyischanging.html,2018-01-09 00:00:00,"Bitcoin ‘fascinating' because perception of risk and the economy is changing, fund manager says"
606,itokoichi,https://smhn.info/201801-microsoft-stop-pay-with-bitcoin,Hatena.ne.jp,http://d.hatena.ne.jp/itokoichi/20180109/p1,2018-01-09 00:00:00,マイクロソフト、Bitcoin決済をやめる – すまほん!!
607,Yahoo.com,"Jim Cramer gauged the speculative potential of the cannabis, cryptocurrency and chipmaking markets for individual investors.",Yahoo.com,https://finance.yahoo.com/video/cramer-marijuana-bitcoin-micron-speculative-235200587.html,2018-01-08 23:52:00,"Cramer: Marijuana, bitcoin and Micron are all speculative..."
608,The Star Online,Check out these exclusives in your newspaper today.,Thestar.com.my,http://www.thestar.com.my/news/nation/2018/01/09/whats-in-your-copy-jan9/,2018-01-08 23:47:27,What's in your copy of The Star today? (Nov 9)
609,kodiak1120,"This is a simple box that is designed to hold a piece of 2"" x 3.5"" x 0.063"" titanium plate.  The titanium plate is designed to hold 24 seed words, which can be used to restore a cryptocurrency software or hardware wallet, for bitcoin, litecoin, etherium, etc.…",Thingiverse.com,https://www.thingiverse.com/thing:2750839,2018-01-08 23:40:46,Crypto Seed Word Storage
610,Ashley Boucher,"Shows in the Shondaland universe like “Grey’s Anatomy,” “Scandal,” and “How to Get Away With Murder,” are known for their themes of female empowerment and strong female bosses–and a good dose of sexy drama. But in a post-Harvey Weinstein world, some are quest…",Thewrap.com,http://www.thewrap.com/for-the-people-cast-on-workplace-romance-its-still-okay-to-fall-in-love/,2018-01-08 23:39:08,‘For the People’ Cast on TV Workplace Romance in Post-Weinstein Era: It’s ‘Still Okay to Fall in Love’
611,Tyler Durden,"Authored by Liberty Blitzkrieg's Mike Krieger via The Hill, Pretty much every article you read about bitcoin in the mainstream press ends up in the same place. You may not hear it until the seventh or eighth paragraph, but eventually you’ll be told that the w…",Zerohedge.com,https://www.zerohedge.com/news/2018-01-08/bitcoin-isnt-bubble-global-financial-system,2018-01-08 23:35:00,Bitcoin Isn't The Bubble - The Global Financial System Is
612,Reid Nakamura,"Paul William Davis explained his decision to recast one of the lead characters of his upcoming ABC legal drama “For the People” on Monday, sharing why “Girlboss” star Britt Robertson ended up with the part. And it’s not about race, he said. It was “not a cons…",Thewrap.com,http://www.thewrap.com/race-not-factor-in-britt-robertson-lead-role-swap-in-on-for-the-people-showrunner-says/,2018-01-08 23:34:18,"Race Not Factor in Britt Robertson Lead Role Swap-In, ‘For the People’ Showrunner Says"
613,newsfeeds@nzherald.co.nz,"Once a joke bitcoin alternative, Dogecoin is now anything but.At the time of its creation in 2013, a single Dogecoin was worth US$0.015438, according to CoinMarketCap.Last weekend, however, the cryptocurrency nearly doubled in...",Nzherald.co.nz,http://www.nzherald.co.nz/business/news/article.cfm?c_id=3&objectid=11971911,2018-01-08 23:33:59,"Once joke bitcoin alternative, Dogecoin, is now worth over $2.7 billion"
614,Elizabeth Gurdus,"Jim Cramer gauged the speculative potential of the cannabis, cryptocurrency and chipmaking markets for individual investors.",CNBC,https://www.cnbc.com/2018/01/08/cramer-marijuana-bitcoin-and-micron-are-all-speculative-investments.html,2018-01-08 23:32:00,"Cramer: Marijuana, bitcoin and Micron are all speculative investments"
615,Tom Krazit,"Cloud users and data center managers began to understand the performance effects of the patches required by the Meltdown/Spectre chip vulnerabilities over the weekend. While it seems initial fears of a 30 percent hit were overblown, there are plenty of users …",Geekwire.com,https://www.geekwire.com/2018/week-later-long-term-impact-meltdown-spectre-chip-flaws-starting-become-clearer/,2018-01-08 23:31:47,"A week later, the long-term impact of the Meltdown and Spectre chip flaws is starting to become clearer"
616,Sam DeBord,Bitcoin and cryptocurrency offer fascinating opportunities and risks for real estate. Virtual reality and its brethren are building beautiful environments -- do they really help resale...,Inman.com,https://www.inman.com/2018/01/08/2018-real-estate-bitcoin-bets-mega-brokerages-and-vr/,2018-01-08 23:09:10,"2018 real estate: Bitcoin bets, mega brokerages and VR"
617,John Stanley Hunter,"Lucas Jackson/Reuters Wall Streeters are getting their bonuses soon. The director of the Digital Currency Group predicts a bitcoin ""buying frenzy"" when the bonuses hit. Many market observers expect the crypto markets will have sharp spikes up and down this ye…",Business Insider,http://www.businessinsider.com/bitcoin-price-explosion-wall-street-spends-bonuses-2018-1,2018-01-08 23:02:00,'Get ready for an explosion' in bitcoin as Wall Streeters spend their bonus checks
618,dgooley@zscaler.com,Overview: This is the seventh in a series of blogs collecting the recent activity of the current top exploit kits. Exploit kits are rapidly deployable software packages designed to leverage vulnerabilities in web browsers to deliver a malicious payload to a v…,Zscaler.com,https://www.zscaler.com/blogs/research/top-exploit-kit-activity-roundup-winter-2018,2018-01-08 22:58:36,Top Exploit Kit Activity Roundup - Winter 2018
619,Python.org,A JavaScript / Python / PHP cryptocurrency trading library with support for 90+ exchanges,Python.org,https://pypi.python.org/pypi/ccxt/1.10.595,2018-01-08 22:57:49,ccxt 1.10.595
620,Sylvan Lane,"Trump promises farmers a 'better deal' on NAFTA: President Trump on Monday promised he would get a ""better deal"" from Canada and Mexico in talks to overhaul the North American Free Trade Agreement (...",The Hill,http://thehill.com/policy/finance/overnights/368002-overnight-finance-trump-promises-farmers-a-better-deal-on-trade,2018-01-08 22:55:35,Overnight Finance: Trump promises farmers a 'better deal' on trade | Clock ticks toward shutdown deadline | Frontrunner to chair House Financial Services panel announces retirement
621,IAN McGUGAN,Stay conservative and you may miss out on big gains. Go all in and you risk having your portfolio eviscerated,The Globe And Mail,https://www.theglobeandmail.com/globe-investor/inside-the-market/why-this-is-such-a-treacherous-time-for-investors/article37533379/,2018-01-08 22:55:14,Beware the market 'melt-up' - it may come back to bite you
622,Topix.com,"So, Bitcoin is soaring and very few people understand how this will all end and whether these cryptocurrencies will even be viable economic variables. We&#39;re in that early part of a mania when there is a very serious risk that the price of the asset is dis…",Topix.com,http://www.topix.com/vc/2018/01/let-the-paramedics-sort-them-out?fromrss=1,2018-01-08 22:49:41,Let The Paramedics Sort Them Out
623,Topix.com,"Bitcoin and other cryptocurrencies, although not yet mainstream , show promise in an industry that typically prioritizes buyers who can provide secure funds for a property in a short amount of time. Widely misunderstood, cryptocurrencies work through blockcha…",Topix.com,http://www.topix.com/business/real-estate/2018/01/a-blockchain-future-cryptocurrencies-gaining-traction-in-real-estate-industry?fromrss=1,2018-01-08 22:49:30,A Blockchain Future? Cryptocurrencies Gaining Traction in Real Estate Industry
624,Michelle Fox,"The cryptocurrency market may be just what is needed to lure millennials into trading, TD Ameritrade's JJ Kinahan said.",CNBC,https://www.cnbc.com/2018/01/08/cryptocurrencies-are-the-greatest-opportunity-to-get-millennials-to-trade-td-ameritrade.html,2018-01-08 22:49:00,Cryptocurrencies are the 'greatest opportunity' to get millennials to trade: TD Ameritrade
625,Bitcoinist,"The cryptocurrency market is at an all-time high as coins recover from a brief holiday bear season into a bullish New Year. But could this unprecedented growth in value attract cybercriminals? Currently, there is a huge bullish run by Bitcoin and other altern…",Bitcoinist.com,https://bitcoinist.com/meteoric-rise-cryptocurrencies-triggering-cyber-attacks/,2018-01-08 22:48:00,Is The Meteoric Rise In Cryptocurrencies Triggering More Cyber Attacks? - Bitcoinist
626,Will Michaels,A Republican state lawmaker is teaming up with North Carolina's Democratic Attorney General to work on legislation to prevent data breaches. Rep. Jason Saine of Lincoln County and Attorney General Josh Stein announced on Monday details of the draft legislatio…,Wunc.org,http://wunc.org/post/nc-proposal-takes-aim-recent-cyber-attacks,2018-01-08 22:48:00,NC Proposal Takes Aim At Recent Cyber Attacks - WUNC
627,Nikhilesh De,South Korea's financial regulators began inspecting commercial banks to monitor their compliance with new cryptocurrency exchange rules.,Coindesk.com,https://www.coindesk.com/south-korean-banks-face-scrutiny-crypto-exchange-ties/,2018-01-08 22:45:29,South Korean Banks Face Scrutiny Over Crypto Exchange Ties
628,Jai Vijayan Freelance writer,"A malware tool for stealthily installing software that mines the Monero virtual currency looks like the handiwork of North Korean threat actors, AlienVault says.",Darkreading.com,https://www.darkreading.com/attacks-breaches/new-cryptocurrency-mining-malware-has-links-to-north-korea/d/d-id/1330773?_mc=rss%5Fx%5Fdrr%5Fedt%5Faud%5Fdr%5Fx%5Fx%2Drss%2Dsimple,2018-01-08 22:45:00,New Cryptocurrency Mining Malware Has Links to North Korea
629,James Rickards,"This post Has Jim Rickards Changed His Mind on Bitcoin? appeared first on Daily Reckoning. Jim Rickards addresses a rumor spreading across the internet... ""Despite everything you may hear in the mainstream media, gold is as relevant as ever”... The post Has J…",Dailyreckoning.com,https://dailyreckoning.com/jim-rickards-changed-mind-bitcoin/,2018-01-08 22:44:44,Has Jim Rickards Changed His Mind on Bitcoin?
630,By Anne Blythe ablythe@newsobserver.com,North Carolina Attorney General John Stein announced on Monday that he planned to investigate Uber as part of his office’s attempts to strengthen consumer protections against data breaches. The announcement … Click to Continue »,Newsobserver.com,http://www.newsobserver.com/news/local/article193628819.html,2018-01-08 22:42:07,"NC attorney general investigating Uber, teams with Republican on new data breach protections."
631,RT,A US cybersecurity firm claims it has found evidence of hacked computers sending coins to a North Korean university after being infected with cryptocurrency mining malware. But government-linked hackers are not behind the attacks. Read Full Article at RT.com,RT,https://www.rt.com/news/415306-north-korea-monero-malware/?utm_source=rss&utm_medium=rss&utm_campaign=RSS,2018-01-08 22:38:13,Is someone in North Korea mining Monero cryptocurrency using hacked computers?
632,RT,RT Is someone in North Korea mining Monero cryptocurrency using hacked computers? RT A US cybersecurity firm claims it has found evidence of hacked computers sending coins to a North Korean university after being infected with cryptocurrency mining malware. B…,RT,https://www.rt.com/news/415306-north-korea-monero-malware/,2018-01-08 22:38:00,Is someone in North Korea mining Monero cryptocurrency using hacked computers? - RT
633,Chloe Aiello,Ethereum co-creator Steven Nerayoff says increased projects built on ethereum's protocols could triple its market cap.,CNBC,https://www.cnbc.com/2018/01/08/ethereums-co-creator-predicts-a-flippening-with-bitcoin-in-2018.html,2018-01-08 22:38:00,Ethereum co-creator says the cryptocurrency's value could triple in 2018
634,Wadi Investment,Xunlei's Stock Price Has Been Volatile Since Xunlei Introduced OneCloud. The OneCloud Product Is Revolutionary And Has Huge Potential. Management Needs to Conqu,Seekingalpha.com,https://seekingalpha.com/article/4136055-xunleis-onecloud-revolutionary-cloud-computing-product-mean-stock-valuation,2018-01-08 22:35:18,Xunlei's OneCloud - A Revolutionary Cloud Computing Product: What Does It Mean For Stock Valuation?
635,Sean Stein Smith,Improving your business doesn't have to mean large investments of time or money. Use these budget friendly tips to boost your business,Inc.com,https://www.inc.com/sean-stein-smith/3-budget-friendly-tips-to-boost-your-bottom-line-in-2018.html,2018-01-08 22:33:54,3 Budget Friendly Tips to Boost Your Bottom Line in 2018
636,l33tdawg,"Bitcoin Miners Are Shifting Outside China Amid State Clampdown l33tdawg Mon, 01/08/2018 - 22:30",Hitb.org,https://news.hitb.org/content/bitcoin-miners-are-shifting-outside-china-amid-state-clampdown,2018-01-08 22:30:32,Bitcoin Miners Are Shifting Outside China Amid State Clampdown
637,mmali@thehill.com (Niv Elis),"Welcome to Overnight Regulation, your daily rundown of news from the federal agencies, Capitol Hill, the courts and beyond. It's Monday evening and both the House and Senate are both back in session after a slow start to 2018. And they have a lot to...",The Hill,http://thehill.com/regulation/overnights/367994-overnight-regulation-regulators-kill-perry-plan-to-help-coal-nuke,2018-01-08 22:27:26,"Overnight Regulation: Regulators kill Perry plan to help coal, nuke plants | Senate Dems to force net neutrality vote | Maine senators oppose offshore drilling plan | SEC halts trading in digital currency firm"
638,CLARE O’HARA,The exchange-traded fund has a management fee of 0.65 per cent and would be the country’s first ETF of its kind,The Globe And Mail,https://www.theglobeandmail.com/globe-investor/funds-and-etfs/etfs/harvest-portfolios-looks-to-launch-blockchain-etf/article37532457/,2018-01-08 22:26:27,Harvest Portfolios looks to launch blockchain ETF
639,Ada Ivanova,"With all the craze around Bitcoin and the other cryptocurrencies recently, it wouldn’t be surprising if you are also looking to get involved in it. Some of you might just want to buy and trade Bitcoins and make a profit, while others might want to go the mini…",Maketecheasier.com,https://www.maketecheasier.com/get-started-mine-bitcoins/,2018-01-08 22:25:34,How to Get Started in Bitcoin Mining And Making a Profit
640,Colin Harper,"The post Investor Who Predicted Two Major Market Crashes Calls Bitcoin a “Bubble” appeared first on CCN Jeremy Grantham, co-founder of the GMO investment management firm, wrote in a letter to investors that he believes that Bitcoin, along with the stock marke…",Crypto Coins News,https://www.ccn.com/the-very-essence-of-a-bubble-jeremy-grantham-lumps-bitcoin-into-larger-market-trends/,2018-01-08 22:25:31,Investor Who Predicted Two Major Market Crashes Calls Bitcoin a “Bubble”
641,ROB CARRICK,"The big risk right now seems to be missing out, but that’s wrong. Losses hurt more than gains feel good",The Globe And Mail,https://www.theglobeandmail.com/globe-investor/inside-the-market/2018-is-shaping-up-as-the-year-of-the-cocky-investor/article37532344/,2018-01-08 22:19:06,2018 is shaping up as the year of the cocky investor
642,IOTA SUPPORTER,"As we have seen already, BOSCH Venture Capital has bought a “significant amount of IOTA tokens”.",Hackernoon.com,https://hackernoon.com/iota-possible-bosch-usecases-bc0ebbce77d3,2018-01-08 22:18:47,IOTA: possible BOSCH usecases
643,Shawn Gordon,"Starting on Monday, January 8, 2018, at 8:00 a.m. GMT, the ADA token from Cardano began to be listed on the futures exchange at BitMEX. This makes BitMEX the fifth exchange to list the ADA token since Bittrex did so in October 2017, followed by Upbit, Binance…",Bitcoinmagazine.com,https://bitcoinmagazine.com/articles/cardano-lists-ada-futures-bitmex/?utm_source=feedburner&utm_medium=feed&utm_campaign=Feed%3A+BitcoinMagazine+%28Bitcoin+Magazine%29#1515449248,2018-01-08 22:07:28,Cardano Lists ADA Futures on BitMEX
644,Scott Scanlon,"There are so many cryptocurrencies now it’s hard to keep them straight. Bitcoin was the first cryptocurrency, which went live around 2009. Bitcoin uses blockchain technology to transact as an open source community network, without an official leader or admini…",Youbrandinc.com,https://www.youbrandinc.com/crytocurrency/ripple-vs-ethereum-litecoin-stellar-monero-the-difference-between-bitcoin-and-altcoins/,2018-01-08 22:03:20,"Ripple Vs Ethereum, Litecoin, Stellar, Monero: The Difference Between Bitcoin And Altcoins"
645,jjmellon,"Unintended consequences are everywhere. By buying your coffee and donuts from a Tim Hortons, even a ""responsible"" one, you are helping to put an independent coffee shop out of business -- maybe one owned by a widow and staffed entirely by orphans. Or worse, y…",Chowhound.com,https://www.chowhound.com/post/pay-tim-hortons-coffee-1067390?commentId=10064321#10064321,2018-01-08 22:02:27,Would you pay more for a Tim Hortons coffee?
646,Mark Matousek,"Nissan is developing ""Brain-to-Vehicle"" technology that could read a driver's mind. The technology would read a driver's brain waves to increase reaction times or, in an autonomous vehicle, adjust the car's driving style to increase the owner's comfort. Nissa…",Business Insider,http://www.businessinsider.com/nissan-develops-car-tech-that-reads-your-mind-2018-1,2018-01-08 22:01:01,Nissan wants to make cars that can read your mind
647,Bangkok Post Public Company Limited,"Phillip Securities Thailand has allowed Thai investors to speculate on bitcoin via an international global derivatives trading service, while Thailand's market regulators are in consensus that the move is legitimate.",Bangkokpost.com,https://www.bangkokpost.com/business/finance/1392542/bitcoin-speculation-allowed-for-thais,2018-01-08 22:00:00,Bitcoin speculation allowed for Thais
648,Podtrac.com,"One Bitcoin is currently worth about $15,000. How could something that relatively few people understand become so valuable? Jen Schwartz, an expert on what’s known as blockchain technology, joins us to explain how Bitcoin works and to talk about if it’s here …",Podtrac.com,http://dts.podtrac.com/redirect.mp3/traffic.libsyn.com/kerathink/Bitcoin_And_The_Digital_Currency_Revolution.mp3,2018-01-08 21:59:32,Bitcoin And The Digital Currency Revolution
649,Steve Holland,This cryptocurrency got its name from a joke. But its rapid rise is no laughing matter.,Fool.com.au,https://www.fool.com.au/2018/01/09/dogecoin-founder-thinks-the-joke-might-be-on-investors/,2018-01-08 21:56:36,Dogecoin founder thinks the joke might be on investors
650,Japantimes.co.jp,A cybersecurity company said it has found software that appears to install code for mining cryptocurrency and sends any mined coins to a server at a North,Japantimes.co.jp,https://www.japantimes.co.jp/news/2018/01/09/business/cryptocurrency-monero-seen-quietly-channeled-pyongyang-university/,2018-01-08 21:56:35,Cryptocurrency Monero seen being quietly channeled to Pyongyang university
651,theWocky,"Microsoft, one of the early adopters of #BITCOIN has ditched the crypto-token. 
 
It joins other companies that have lost faith in #cryptocurrencies such as DELL, Steam and Newegg. 
 
They cite volatility, high transaction fees, other issues. 
 
References: 
…",Mmo-champion.com,https://www.mmo-champion.com/threads/2364313-Microsoft-stops-accepting-BITCOIN-crash-incoming-bubble-burst?p=48594222#post48594222,2018-01-08 21:56:00,Microsoft stops accepting #BITCOIN - crash incoming? bubble burst?
652,Mehedi Hassan,"Microsoft pulled support for Bitcoin from the Microsoft Store earlier today, but it's already back. The post Microsoft Now Lets You Pay With Bitcoin Once Again appeared first on Thurrott.com.",Thurrott.com,https://www.thurrott.com/microsoft/149835/microsoft-now-lets-pay-with-bitcoin-once-again,2018-01-08 21:45:01,Microsoft Now Lets You Pay With Bitcoin Once Again
653,Will Martin,"Digital currency ethereum gains more than 7% to trade above $US1,200 for a second consecutive day. It passed $US1,000 over the weekend. Ethereum's market capitalisation is now around $US119 billion. More »",Business Insider,https://www.businessinsider.com/ethereum-price-approaches-a-fresh-all-time-high-on-january-8-2018-1,2018-01-08 21:44:18,Ethereum price jumps again as it approaches a new all-time high
654,Cullen Roche,"Here’s a new filing for leveraged Bitcoin ETFs: Yikes. Now, some people might be inclined to say “who cares, if people want to gamble and buy crazy speculative",Seekingalpha.com,https://seekingalpha.com/article/4136048-hate-leveraged-etfs,2018-01-08 21:31:50,Why I Hate Leveraged ETFs
655,newsfeedback@fool.com (Dan Caplinger),Find out how these stocks helped the market keep rising.,Fool.com,https://www.fool.com/investing/2018/01/08/why-tesla-weight-watchers-international-and-seagat.aspx,2018-01-08 21:31:00,"Why Tesla, Weight Watchers International, and Seagate Technology Jumped Today"
656,MTJ,"Suddenly it’s all Fire And Fury, and according to its author, Michael Wolff, no less than 100% of his sources in the White House told him the Donald is a “dope” or an “idiot” and is a “child” who has tantrums if he doesn’t get what he wants and get it right n…",Truth-news.com,http://www.truth-news.com/2018/01/08/the-real-idiots-are-on-wall-street/,2018-01-08 21:29:59,The Real Idiots Are On Wall Street
657,Cullen Roche,"So, Bitcoin is soaring and very few people understand how this will all end and whether these cryptocurrencies will even be viable economic variables. We're in",Seekingalpha.com,https://seekingalpha.com/article/4136046-let-paramedics-sort,2018-01-08 21:29:30,Let The Paramedics Sort Them Out
658,OpenMarkets,"Will 2018 continue its record highs for stocks? A week with few major economic reports, but lots of remarks from... The post Weekly Outlook: Will Stocks Continue Their Run? appeared first on OpenMarkets.",Cmegroup.com,http://openmarkets.cmegroup.com/12957/weekly-outlook-will-stocks-continue-run,2018-01-08 21:26:45,Weekly Outlook: Will Stocks Continue Their Run?
659,Chris Martenson,"So. in the past week, I've been asked for advice on Bitcoin by my brother-in-law, my local realtor, and close friends from as far away as Texas. None of them ca",Seekingalpha.com,https://seekingalpha.com/article/4136045-value-bitcoin,2018-01-08 21:26:24,The Value Of Bitcoin
660,John,"There’s a lot going on in Africa and perhaps it’ll be the next center of innovation? The post Armed with a Cellphone and Internet, AFRICA Loving Bitcoin! Innovation Comes Next! appeared first on DECENTRALIZED TV. Armed with a Cellphone and Internet, AFRICA Lo…",Decentralized.tv,https://decentralized.tv/armed-cellphone-internet-africa-loving-bitcoin-innovation-comes-next/,2018-01-08 21:24:09,"Armed with a Cellphone and Internet, AFRICA Loving Bitcoin! Innovation Comes Next!"
661,Joanna Ossinger,Get caught up on what's moving markets in Asia.,Bloomberg,https://www.bloomberg.com/news/articles/2018-01-08/five-things-you-need-to-know-to-start-your-day-jc6pokbt,2018-01-08 21:20:36,Five Things You Need to Know to Start Your Day
662,Rakesh Sharma,"According to new CFTC, retail investors are long on bitcoin futures while institutional investors are not.",Investopedia.com,https://www.investopedia.com/news/retail-investors-are-bullish-bitcoin-futures/,2018-01-08 21:20:00,Retail Investors Are Bullish On Bitcoin Futures
663,FXStreet Team,"The FX day in the US session was driven by continued risk appetite from investors, pushing yields and the stock market higher with the greenback follo",Fxstreet.com,https://www.fxstreet.com/news/forex-today-mixed-fed-chat-dollar-higher-and-equities-rates-up-201801082119,2018-01-08 21:19:30,"Forex today: mixed Fed chat, dollar higher and equities/ rates up"
664,Mark DeCambre,"Cryptocurrencies take it on the chin Monday, retreating from an all-time high valuation of the sector on Sunday",Marketwatch.com,http://www.marketwatch.com/story/cryptowatch-cryptocurrencies-see-100-billion-hit-amid-south-korean-clampdown-2018-01-08,2018-01-08 21:16:51,CryptoWatch: Cryptocurrencies see $100 billion hit amid South Korean clampdown
665,Barrons,"Blockchain buzz is powering a lot of investments these days, and some are apparently pretty sketchy.",Barrons.com,https://www.barrons.com/articles/scenes-from-the-blockchain-frenzy-1515446146,2018-01-08 21:15:48,Scenes From the Blockchain Frenzy
666,Zachary Riley,"Bitcoin is the name everyone thinks of when talking cryptocurrency. It’s certainly the first of its kind to make it big, and is by far the most recognizable of these unprecedented investment opportunities. Up and comer Ripple is just a […] The post Ripple vs …",Valuewalk.com,http://www.valuewalk.com/2018/01/ripple-vs-bitcoin-price-prediction-2018/,2018-01-08 21:14:39,Ripple vs Bitcoin: Which Cryptocurrency Will Lead In 2018?
667,Lucinda Shen,The crypto battle rages on.,Fortune,http://fortune.com/2018/01/08/ethereum-price-ripple-price-bitcoin-xrp/,2018-01-08 21:13:24,Ethereum Regains Title as Second Most Valuable Cryptocurrency Behind Bitcoin
668,Jasper_The_Rasper,"Developers left the vulnerability unpatched for months after being alerted. January 8th, 2018 By Lorenzo Franceschi-Bicchierai Image: Shutterstock. Composition: Jordan Pearson For almost two years, hackers could have easily stolen your prized stash of bitcoin…",Webroot.com,https://community.webroot.com/t5/Security-Industry-News/Electrum-Bitcoin-Wallets-Were-Vulnerable-to-Hackers-for-Two/td-p/310685,2018-01-08 21:13:04,Electrum Bitcoin Wallets Were Vulnerable to Hackers for Two Years
669,Jon Shazar,He’s just gonna go back to representing those banks he used to regulate like his six months as acting Comptroller of the Currency never happened.,Dealbreaker.com,https://dealbreaker.com/2018/01/keith-noreika-is-the-perfect-living-embodiment-of-the-trump-era/,2018-01-08 21:10:32,Keith Noreika Is The Perfect Living Embodiment Of The Trump Era
670,James Mickleboro,"The Ripple (XRP) price had one of its worst days in recent memory, falling over 26% during the last 24 hours…",Fool.com.au,https://www.fool.com.au/2018/01/09/the-ripple-xrp-price-just-crashed/,2018-01-08 21:09:49,The Ripple (XRP) price just crashed
671,alexmark,,Investmentwatchblog.com,http://investmentwatchblog.com/morgan-stanley-warns-of-coming-recession-stock-crash-sells-all-junk-bonds/,2018-01-08 21:09:31,Morgan Stanley WARNS Of Coming Recession & Stock CRASH! - Sells All Junk Bonds!
672,Aviva Patz,"Thanks to technological advances that have reshaped financial markets and services, Millennials have amazing financial opportunities—as well as new ways to mess them up. These are the money missteps this generation is making, and the smarter moves to make ins…",Rd.com,https://www.rd.com/advice/saving-money/money-mistakes-millennials-are-making/,2018-01-08 21:07:57,16 Money Mistakes Millennials Don’t Realize They’re Making
673,Matthieu Poletti,"The most advanced cryptocurrency exchange to buy and sell Bitcoin, Ethereum, Litecoin, Monero, ZCash, DigitalNote, Ardor",Hitbtc.com,https://hitbtc.com/?ref_id=5a536bcd5c9b8&ref=producthunt,2018-01-08 21:05:54,HitBTC — Trade cryptocurrencies with the lowest fees
674,Mark Matousek,"Toyota revealed a self-driving concept vehicle, the e-Palette, at the International Consumer Electronics Show (CES) on Monday. The vehicle will come in three sizes and is designed to be used for a variety of purposes, including freight and package delivery, r…",Business Insider,http://www.businessinsider.com/toyota-autonomous-vehicle-drive-on-street-or-sidewalk-2018-1,2018-01-08 21:05:51,Toyota unveiled a crazy-looking self-driving vehicle that could haul freight or deliver pizza on the sidewalk
675,Eren Sengezer,"After starting the previous week on a positive note and gathering strength ahead of the weekend, the BTC/USD pair lost its traction on Sunday and lost",Fxstreet.com,https://www.fxstreet.com/news/crypto-today-bitcoin-slides-toward-15k-ripples-market-cap-drops-below-100-billion-201801082102,2018-01-08 21:02:28,"Crypto Today: Bitcoin slides toward $15K, Ripple's market cap drops below $100 billion"
676,Tyler Durden,"It's official - 2018 is a lock for stock investors. Thanks to today's gains, the S&P 500 is up 2.5% - doubling the gains in gold - as bonds are suffering so far...which means, as Ryan Detrick notes, "" since 1950, when the first 5 days are up over 2%, the S&P …",Zerohedge.com,https://www.zerohedge.com/news/2018-01-08/ripple-rebounds-after-rout-sp-gains-guarantee-2018-year-stocks,2018-01-08 21:02:24,Ripple Rebounds After Rout As S&P Gains 'Guarantee' 2018 Up-Year For Stocks
677,"The Motley Fool, The Motley Fool","Are you considering investing in gold to protect against inflation, or get some dividend income? Read this first.",Fool.com,https://www.fool.com/investing/2018/01/04/3-myths-about-investing-in-gold.aspx?utm_source=google&utm_medium=amp&utm_campaign=speakable,2018-01-08 21:02:02,Inflation hedge? 3 myths about investing in gold
678,Paul Ausick,"UnitedHealth, Disney, Pfizer, and General Electric were Monday's laggards among the DJIA stocks.",247wallst.com,http://247wallst.com/investing/2018/01/08/unitedhealth-disney-weigh-on-djia-monday/,2018-01-08 21:01:10,"UnitedHealth, Disney Weigh on DJIA Monday"
679,Joe Ciolli,"US stocks climbed higher, led by technology shares, as investors continue to price in the impact of tax cuts ahead of corporate earnings season, which starts later this week. The S&P 500 rose 0.2%, while the Dow Jones Industrial Average declined less than 0.1…",Business Insider,http://www.businessinsider.com/stock-market-today-january-8-2018-1,2018-01-08 21:01:02,STOCKS CLIMB HIGHER: Here's what you need to know
680,Zachary Riley,"The meteoric rise of bitcoin and the idea of cryptocurrency in general is unprecedented, and a couple of weeks ago the bitcoin price skyrocketed to almost $20000. The recent rise in value has caused many first-time investors to get involved […] The post Warni…",Valuewalk.com,http://www.valuewalk.com/2018/01/china-israel-bitcoin-price-drop/,2018-01-08 21:00:53,Warnings From China And Israel Cause Bitcoin Price Drop
681,Google News,"Debating is at the core of a robust society — as are online social networks. When combined, they transmute each other into a minefield of negativity, abuse, and destruction. With […]",Google News,http://feedproxy.google.com/~r/techcrunch/social/~3/d6g5vDeQiu8/,2018-01-08 20:57:46,"It’s a walrus! No, it’s a giraffe! No, it’s MicGoat, a new app to debate controversial issues"
682,Tyler Durden,"Authored by Ian King via BanyanHill.com, Bitcoin surged a mind-blowing 1,500% last year, leading many experts to call for “the end of bitcoin.” But this rally isn’t over yet. This isn’t the end; it’s only the end of the beginning for cryptocurrency markets. E…",Zerohedge.com,https://www.zerohedge.com/news/2018-01-08/bitcoin-end-beginning,2018-01-08 20:55:00,Bitcoin - The End Of The Beginning
683,Graham Rapier,"Shares of Western Union continued to climb Monday, gaining 5%, after an unconfirmed report circulated on Friday saying the 167-year-old money-transfer company was planning to use Ripple’s XRP cryptocurrency. Both companies officially declined to comment, but …",Business Insider,http://markets.businessinsider.com/news/stocks/western-union-keeps-climbing-after-report-will-use-ripple-for-transfers-2018-1-1012683455,2018-01-08 20:55:00,Western Union keeps climbing after unconfirmed report it wants to use Ripple's XRP cryptocurrency for money transfers (WU)
684,"Lorenzo Franceschi-Bicchierai, Jordan Pearson, Jason Koebler",Developers left the vulnerability unpatched for months after being alerted.,Vice News,https://motherboard.vice.com/en_us/article/ev55na/electrum-bitcoin-wallets-were-vulnerable-to-hackers-for-two-years-json-rpc,2018-01-08 20:51:20,Electrum Bitcoin Wallets Were Vulnerable to Hackers for Two Years
685,Stan Higgins,Chinese bitcoin mining pool ViaBTC has announced that it will close its marketplace for mining contracts this week.,Coindesk.com,https://www.coindesk.com/viabtc-announces-shutdown-of-crypto-mining-contract-market/,2018-01-08 20:48:22,ViaBTC Announces Shutdown of Crypto Mining Contract Market - CoinDesk
686,Anonymous,"Talis Putnins and Jonathan Karlsen, Professors at the University of Technology Business School in Sydney, together with Dr. Sean Foley from Sydney University, have been jointly working on a research whose results are shocking. In their yet to be published doc…",Deepdotweb.com,https://www.deepdotweb.com/2018/01/08/research-47-bitcoin-transactions-involves-illegal-trading-mostly-darkweb/,2018-01-08 20:42:29,Research: 47% Of All Bitcoin Transactions Involves Illegal Trading Mostly On ‘Darkweb’
687,CoinTelegraph By Rakesh Upadhyay,"New week, new..volatility wave? #PRICE ANALYSIS",Cointelegraph.com,https://cointelegraph.com/news/bitcoin-ethereum-bitcoin-cash-ripple-iota-litecoin-nem-cardano-price-analysis-jan-8,2018-01-08 20:39:27,"Bitcoin, Ethereum, Bitcoin Cash, Ripple, IOTA, Litecoin, NEM, Cardano: Price Analysis, Jan. 8"
688,Paul Vigna,Prices for some of the most popular cryptocurrencies dropped sharply Monday. One apparent reason: an adjustment from a popular website on its digital-currency price quotes.,The Wall Street Journal,https://www.wsj.com/articles/a-crypto-website-changes-its-data-and-100-billion-in-market-value-vanishes-1515443100,2018-01-08 20:37:40,Crypto Website Changes Data -- $100 Billion in Market Value Vanishes...
689,Juan Buis,"This is story is brought to you by Hacker Noon’s weekly sponsor, Codacy. They automate quality standards & code reviews on every commit …",Hackernoon.com,https://hackernoon.com/how-the-170-million-ethereum-bug-could-have-been-prevented-819053c3b2cb,2018-01-08 20:34:37,How the $170 million Ethereum bug could have been prevented
690,newsfeedback@fool.com (Matthew Frankel),Ethereum is once again the second-largest cryptocurrency.,Fool.com,https://www.fool.com/investing/2018/01/08/bitcoin-and-ripple-are-falling-while-ethereum-hits.aspx,2018-01-08 20:31:31,Bitcoin and Ripple Are Falling While Ethereum Hits a New Record High
691,Jared Dillian,"The yields are too low, given that the ECB will eventually unwind its balance sheet, writes Jared Dillian.",Marketwatch.com,http://www.marketwatch.com/story/european-bonds-are-the-no-1-risk-for-2018-2018-01-08,2018-01-08 20:28:56,European bonds are the No. 1 risk for 2018
692,David Floyd,"The changes to the federal tax code in late 2017 have big implications for cryptocurrency investors, traders, issuers and miners.",Investopedia.com,https://www.investopedia.com/news/how-new-tax-law-impacts-cryptocurrencies-trump/,2018-01-08 20:25:00,How the New Tax Law Impacts Cryptocurrencies
693,Joe Ciolli,GoPro short sellers made roughly $45 million in mark-to-market profits on Monday as the company's stock plunged as much as 33%. The stock is feeling pressure following an announcement that GoPro will lay off more than 250 employees and exit the drone industry…,Business Insider,http://www.businessinsider.com/gopro-stock-price-short-sellers-made-45-million-on-selloff-2018-1,2018-01-08 20:18:10,GoPro's plunging stock made short sellers $45 million in a single day (GPRO)
694,Hvper.com,"The Internet on one page. Successor of Popurls, the mother of news aggregators. By @thomas",Hvper.com,http://www.hvper.com/?ref=feed_b5675ec6145017c30a37c3d1c304dc8d,2018-01-08 20:15:10,99% of These Sea Turtles Are Turning FemaleHeres Why via Hvper.com
695,Yahoo.com,"Wow. Such blockchain, much cryptocurrency.",Yahoo.com,https://www.yahoo.com/news/dogecoin-parody-cryptocurrency-hit-2-201500414.html,2018-01-08 20:15:00,Dogecoin: How a Parody Cryptocurrency Hit $2 Billion Market Value
696,"http://www.dailymail.co.uk/home/search.html?s=&authornamef=Reuters, By Reuters","By Saqib Iqbal AhmedNEW YORK, Jan 8 (Reuters) - The dollar rose to a more than  one-week high against a basket of other major currencies on  Monday, helped...",Daily Mail,http://www.dailymail.co.uk/wires/reuters/article-5247951/FOREX-Dollar-gains-euro-rally-falters.html,2018-01-08 20:10:53,FOREX-Dollar gains as euro rally falters
697,Danny Crichton,"Debating is at the core of a robust society — as are online social networks. When combined, they transmute each other into a minefield of negativity, abuse, and destruction. With products today, we are either living in an echo chamber of like-minded people wh…",TechCrunch,http://techcrunch.com/2018/01/08/its-a-walrus-no-its-a-giraffe-no-its-micgoat-a-new-app-to-debate-controversial-issues/,2018-01-08 20:10:01,"It’s a walrus! No, it’s a giraffe! No, it’s MicGoat, a new app to debate controversial issues"
698,Yahoo.com,"A data adjustment by CoinMarketCap caused cryptocurrency prices to drop on Monday. Prices of the world’s largest cryptocurrencies appeared to take some major hits on Monday morning after CoinMarketCap.com, arguably the most popular and important site for cryp…",Yahoo.com,https://finance.yahoo.com/news/why-cryptocurrencies-getting-smoked-monday-184500706.html,2018-01-08 20:07:00,Here’s why cryptocurrencies are getting smoked on Monday
699,Dapper Apps,View on Dribbble,Dribbble.com,https://dribbble.com/shots/4076113-The-Bitcoin-Startup-Story,2018-01-08 20:03:34,The Bitcoin Startup Story
